"asset_id","channel","visual_path","tracked_url","post_copy","external_post_state"
"IGNITION-01","instagram","/metal-print-campaign/ignition-01.jpg","https://www.hakusyaku.xyz/metal-print/33-ignition-office-art?utm_source=instagram&utm_medium=organic_social&utm_campaign=metal_print_inbound&utm_content=IGNITION-01","始めた日の決断を、忘れない壁をつくる。

オフィスのアートを、ただの装飾で終わらせない。33 IGNITIONは、新しい事業や制作に火を入れた瞬間を残すCollector Previewです。

プロフィールから伯爵の館へ。あなたの空間に合う一枚を、一問で選びます。","HUMAN_APPROVAL_REQUIRED"
"IGNITION-01","youtube","/metal-print-campaign/ignition-01.jpg","https://www.hakusyaku.xyz/metal-print/33-ignition-office-art?utm_source=youtube&utm_medium=organic_social&utm_campaign=metal_print_inbound&utm_content=IGNITION-01","始めた日の決断を、忘れない壁をつくる。

オフィスのアートを、ただの装飾で終わらせない。33 IGNITIONは、新しい事業や制作に火を入れた瞬間を残すCollector Previewです。

プロフィールから伯爵の館へ。あなたの空間に合う一枚を、一問で選びます。","HUMAN_APPROVAL_REQUIRED"
"IGNITION-01","pinterest","/metal-print-campaign/ignition-01.jpg","https://www.hakusyaku.xyz/metal-print/33-ignition-office-art?utm_source=pinterest&utm_medium=organic_social&utm_campaign=metal_print_inbound&utm_content=IGNITION-01","始めた日の決断を、忘れない壁をつくる。

オフィスのアートを、ただの装飾で終わらせない。33 IGNITIONは、新しい事業や制作に火を入れた瞬間を残すCollector Previewです。

プロフィールから伯爵の館へ。あなたの空間に合う一枚を、一問で選びます。","HUMAN_APPROVAL_REQUIRED"
"IGNITION-01","linkedin","/metal-print-campaign/ignition-01.jpg","https://www.hakusyaku.xyz/metal-print/33-ignition-office-art?utm_source=linkedin&utm_medium=organic_social&utm_campaign=metal_print_inbound&utm_content=IGNITION-01","始めた日の決断を、忘れない壁をつくる。

オフィスのアートを、ただの装飾で終わらせない。33 IGNITIONは、新しい事業や制作に火を入れた瞬間を残すCollector Previewです。

プロフィールから伯爵の館へ。あなたの空間に合う一枚を、一問で選びます。","HUMAN_APPROVAL_REQUIRED"
"IGNITION-01","x","/metal-print-campaign/ignition-01.jpg","https://www.hakusyaku.xyz/metal-print/33-ignition-office-art?utm_source=x&utm_medium=organic_social&utm_campaign=metal_print_inbound&utm_content=IGNITION-01","始めた日の決断を、忘れない壁をつくる。

オフィスのアートを、ただの装飾で終わらせない。33 IGNITIONは、新しい事業や制作に火を入れた瞬間を残すCollector Previewです。

プロフィールから伯爵の館へ。あなたの空間に合う一枚を、一問で選びます。","HUMAN_APPROVAL_REQUIRED"
"IGNITION-02","instagram","/metal-print-campaign/ignition-02.jpg","https://www.hakusyaku.xyz/metal-print/33-ignition-office-art?utm_source=instagram&utm_medium=organic_social&utm_campaign=metal_print_inbound&utm_content=IGNITION-02","会議室に必要なのは、もう一枚の説明資料ではない。

話が止まった時、視線を戻す焦点がある。始動を象徴する一枚と、あなたの仕事場の相性を伯爵が見立てます。

プロフィールから伯爵の館へ。あなたの空間に合う一枚を、一問で選びます。","HUMAN_APPROVAL_REQUIRED"
"IGNITION-02","youtube","/metal-print-campaign/ignition-02.jpg","https://www.hakusyaku.xyz/metal-print/33-ignition-office-art?utm_source=youtube&utm_medium=organic_social&utm_campaign=metal_print_inbound&utm_content=IGNITION-02","会議室に必要なのは、もう一枚の説明資料ではない。

話が止まった時、視線を戻す焦点がある。始動を象徴する一枚と、あなたの仕事場の相性を伯爵が見立てます。

プロフィールから伯爵の館へ。あなたの空間に合う一枚を、一問で選びます。","HUMAN_APPROVAL_REQUIRED"
"IGNITION-02","pinterest","/metal-print-campaign/ignition-02.jpg","https://www.hakusyaku.xyz/metal-print/33-ignition-office-art?utm_source=pinterest&utm_medium=organic_social&utm_campaign=metal_print_inbound&utm_content=IGNITION-02","会議室に必要なのは、もう一枚の説明資料ではない。

話が止まった時、視線を戻す焦点がある。始動を象徴する一枚と、あなたの仕事場の相性を伯爵が見立てます。

プロフィールから伯爵の館へ。あなたの空間に合う一枚を、一問で選びます。","HUMAN_APPROVAL_REQUIRED"
"IGNITION-02","linkedin","/metal-print-campaign/ignition-02.jpg","https://www.hakusyaku.xyz/metal-print/33-ignition-office-art?utm_source=linkedin&utm_medium=organic_social&utm_campaign=metal_print_inbound&utm_content=IGNITION-02","会議室に必要なのは、もう一枚の説明資料ではない。

話が止まった時、視線を戻す焦点がある。始動を象徴する一枚と、あなたの仕事場の相性を伯爵が見立てます。

プロフィールから伯爵の館へ。あなたの空間に合う一枚を、一問で選びます。","HUMAN_APPROVAL_REQUIRED"
"IGNITION-02","x","/metal-print-campaign/ignition-02.jpg","https://www.hakusyaku.xyz/metal-print/33-ignition-office-art?utm_source=x&utm_medium=organic_social&utm_campaign=metal_print_inbound&utm_content=IGNITION-02","会議室に必要なのは、もう一枚の説明資料ではない。

話が止まった時、視線を戻す焦点がある。始動を象徴する一枚と、あなたの仕事場の相性を伯爵が見立てます。

プロフィールから伯爵の館へ。あなたの空間に合う一枚を、一問で選びます。","HUMAN_APPROVAL_REQUIRED"
"IGNITION-03","instagram","/metal-print-campaign/ignition-03.jpg","https://www.hakusyaku.xyz/metal-print/33-ignition-office-art?utm_source=instagram&utm_medium=organic_social&utm_campaign=metal_print_inbound&utm_content=IGNITION-03","人生の再始動には、日付より強い印がいる。

転職、独立、再出発。始めたことを空間に残したい人へ。購入ではなく、まず一問から。

プロフィールから伯爵の館へ。あなたの空間に合う一枚を、一問で選びます。","HUMAN_APPROVAL_REQUIRED"
"IGNITION-03","youtube","/metal-print-campaign/ignition-03.jpg","https://www.hakusyaku.xyz/metal-print/33-ignition-office-art?utm_source=youtube&utm_medium=organic_social&utm_campaign=metal_print_inbound&utm_content=IGNITION-03","人生の再始動には、日付より強い印がいる。

転職、独立、再出発。始めたことを空間に残したい人へ。購入ではなく、まず一問から。

プロフィールから伯爵の館へ。あなたの空間に合う一枚を、一問で選びます。","HUMAN_APPROVAL_REQUIRED"
"IGNITION-03","pinterest","/metal-print-campaign/ignition-03.jpg","https://www.hakusyaku.xyz/metal-print/33-ignition-office-art?utm_source=pinterest&utm_medium=organic_social&utm_campaign=metal_print_inbound&utm_content=IGNITION-03","人生の再始動には、日付より強い印がいる。

転職、独立、再出発。始めたことを空間に残したい人へ。購入ではなく、まず一問から。

プロフィールから伯爵の館へ。あなたの空間に合う一枚を、一問で選びます。","HUMAN_APPROVAL_REQUIRED"
"IGNITION-03","linkedin","/metal-print-campaign/ignition-03.jpg","https://www.hakusyaku.xyz/metal-print/33-ignition-office-art?utm_source=linkedin&utm_medium=organic_social&utm_campaign=metal_print_inbound&utm_content=IGNITION-03","人生の再始動には、日付より強い印がいる。

転職、独立、再出発。始めたことを空間に残したい人へ。購入ではなく、まず一問から。

プロフィールから伯爵の館へ。あなたの空間に合う一枚を、一問で選びます。","HUMAN_APPROVAL_REQUIRED"
"IGNITION-03","x","/metal-print-campaign/ignition-03.jpg","https://www.hakusyaku.xyz/metal-print/33-ignition-office-art?utm_source=x&utm_medium=organic_social&utm_campaign=metal_print_inbound&utm_content=IGNITION-03","人生の再始動には、日付より強い印がいる。

転職、独立、再出発。始めたことを空間に残したい人へ。購入ではなく、まず一問から。

プロフィールから伯爵の館へ。あなたの空間に合う一枚を、一問で選びます。","HUMAN_APPROVAL_REQUIRED"
"HOME-01","instagram","/metal-print-campaign/home-01.jpg","https://www.hakusyaku.xyz/metal-print/almost-home-hotel-art?utm_source=instagram&utm_medium=organic_social&utm_campaign=metal_print_inbound&utm_content=HOME-01","宿泊客が、なぜか帰ってきたと感じる部屋。

土地を説明する絵ではなく、帰属感をつくる一枚。ブティックホテルと旅人のためのCollector Previewです。

プロフィールから伯爵の館へ。あなたの空間に合う一枚を、一問で選びます。","HUMAN_APPROVAL_REQUIRED"
"HOME-01","youtube","/metal-print-campaign/home-01.jpg","https://www.hakusyaku.xyz/metal-print/almost-home-hotel-art?utm_source=youtube&utm_medium=organic_social&utm_campaign=metal_print_inbound&utm_content=HOME-01","宿泊客が、なぜか帰ってきたと感じる部屋。

土地を説明する絵ではなく、帰属感をつくる一枚。ブティックホテルと旅人のためのCollector Previewです。

プロフィールから伯爵の館へ。あなたの空間に合う一枚を、一問で選びます。","HUMAN_APPROVAL_REQUIRED"
"HOME-01","pinterest","/metal-print-campaign/home-01.jpg","https://www.hakusyaku.xyz/metal-print/almost-home-hotel-art?utm_source=pinterest&utm_medium=organic_social&utm_campaign=metal_print_inbound&utm_content=HOME-01","宿泊客が、なぜか帰ってきたと感じる部屋。

土地を説明する絵ではなく、帰属感をつくる一枚。ブティックホテルと旅人のためのCollector Previewです。

プロフィールから伯爵の館へ。あなたの空間に合う一枚を、一問で選びます。","HUMAN_APPROVAL_REQUIRED"
"HOME-01","linkedin","/metal-print-campaign/home-01.jpg","https://www.hakusyaku.xyz/metal-print/almost-home-hotel-art?utm_source=linkedin&utm_medium=organic_social&utm_campaign=metal_print_inbound&utm_content=HOME-01","宿泊客が、なぜか帰ってきたと感じる部屋。

土地を説明する絵ではなく、帰属感をつくる一枚。ブティックホテルと旅人のためのCollector Previewです。

プロフィールから伯爵の館へ。あなたの空間に合う一枚を、一問で選びます。","HUMAN_APPROVAL_REQUIRED"
"HOME-01","x","/metal-print-campaign/home-01.jpg","https://www.hakusyaku.xyz/metal-print/almost-home-hotel-art?utm_source=x&utm_medium=organic_social&utm_campaign=metal_print_inbound&utm_content=HOME-01","宿泊客が、なぜか帰ってきたと感じる部屋。

土地を説明する絵ではなく、帰属感をつくる一枚。ブティックホテルと旅人のためのCollector Previewです。

プロフィールから伯爵の館へ。あなたの空間に合う一枚を、一問で選びます。","HUMAN_APPROVAL_REQUIRED"
"HOME-02","instagram","/metal-print-campaign/home-02.jpg","https://www.hakusyaku.xyz/metal-print/almost-home-hotel-art?utm_source=instagram&utm_medium=organic_social&utm_campaign=metal_print_inbound&utm_content=HOME-02","故郷ではない。でも、ここへ戻ると呼吸がほどける。

第二の家、移住先、旅の途中で見つけた町。帰る場所の感覚を壁へ移す試みです。

プロフィールから伯爵の館へ。あなたの空間に合う一枚を、一問で選びます。","HUMAN_APPROVAL_REQUIRED"
"HOME-02","youtube","/metal-print-campaign/home-02.jpg","https://www.hakusyaku.xyz/metal-print/almost-home-hotel-art?utm_source=youtube&utm_medium=organic_social&utm_campaign=metal_print_inbound&utm_content=HOME-02","故郷ではない。でも、ここへ戻ると呼吸がほどける。

第二の家、移住先、旅の途中で見つけた町。帰る場所の感覚を壁へ移す試みです。

プロフィールから伯爵の館へ。あなたの空間に合う一枚を、一問で選びます。","HUMAN_APPROVAL_REQUIRED"
"HOME-02","pinterest","/metal-print-campaign/home-02.jpg","https://www.hakusyaku.xyz/metal-print/almost-home-hotel-art?utm_source=pinterest&utm_medium=organic_social&utm_campaign=metal_print_inbound&utm_content=HOME-02","故郷ではない。でも、ここへ戻ると呼吸がほどける。

第二の家、移住先、旅の途中で見つけた町。帰る場所の感覚を壁へ移す試みです。

プロフィールから伯爵の館へ。あなたの空間に合う一枚を、一問で選びます。","HUMAN_APPROVAL_REQUIRED"
"HOME-02","linkedin","/metal-print-campaign/home-02.jpg","https://www.hakusyaku.xyz/metal-print/almost-home-hotel-art?utm_source=linkedin&utm_medium=organic_social&utm_campaign=metal_print_inbound&utm_content=HOME-02","故郷ではない。でも、ここへ戻ると呼吸がほどける。

第二の家、移住先、旅の途中で見つけた町。帰る場所の感覚を壁へ移す試みです。

プロフィールから伯爵の館へ。あなたの空間に合う一枚を、一問で選びます。","HUMAN_APPROVAL_REQUIRED"
"HOME-02","x","/metal-print-campaign/home-02.jpg","https://www.hakusyaku.xyz/metal-print/almost-home-hotel-art?utm_source=x&utm_medium=organic_social&utm_campaign=metal_print_inbound&utm_content=HOME-02","故郷ではない。でも、ここへ戻ると呼吸がほどける。

第二の家、移住先、旅の途中で見つけた町。帰る場所の感覚を壁へ移す試みです。

プロフィールから伯爵の館へ。あなたの空間に合う一枚を、一問で選びます。","HUMAN_APPROVAL_REQUIRED"
"HOME-03","instagram","/metal-print-campaign/home-03.jpg","https://www.hakusyaku.xyz/metal-print/almost-home-hotel-art?utm_source=instagram&utm_medium=organic_social&utm_campaign=metal_print_inbound&utm_content=HOME-03","長く滞在する部屋には、住所より先に物語がいる。

サービスレジデンスや長期滞在の空間に、借り物ではない帰属感を。相性は伯爵が一問で見立てます。

プロフィールから伯爵の館へ。あなたの空間に合う一枚を、一問で選びます。","HUMAN_APPROVAL_REQUIRED"
"HOME-03","youtube","/metal-print-campaign/home-03.jpg","https://www.hakusyaku.xyz/metal-print/almost-home-hotel-art?utm_source=youtube&utm_medium=organic_social&utm_campaign=metal_print_inbound&utm_content=HOME-03","長く滞在する部屋には、住所より先に物語がいる。

サービスレジデンスや長期滞在の空間に、借り物ではない帰属感を。相性は伯爵が一問で見立てます。

プロフィールから伯爵の館へ。あなたの空間に合う一枚を、一問で選びます。","HUMAN_APPROVAL_REQUIRED"
"HOME-03","pinterest","/metal-print-campaign/home-03.jpg","https://www.hakusyaku.xyz/metal-print/almost-home-hotel-art?utm_source=pinterest&utm_medium=organic_social&utm_campaign=metal_print_inbound&utm_content=HOME-03","長く滞在する部屋には、住所より先に物語がいる。

サービスレジデンスや長期滞在の空間に、借り物ではない帰属感を。相性は伯爵が一問で見立てます。

プロフィールから伯爵の館へ。あなたの空間に合う一枚を、一問で選びます。","HUMAN_APPROVAL_REQUIRED"
"HOME-03","linkedin","/metal-print-campaign/home-03.jpg","https://www.hakusyaku.xyz/metal-print/almost-home-hotel-art?utm_source=linkedin&utm_medium=organic_social&utm_campaign=metal_print_inbound&utm_content=HOME-03","長く滞在する部屋には、住所より先に物語がいる。

サービスレジデンスや長期滞在の空間に、借り物ではない帰属感を。相性は伯爵が一問で見立てます。

プロフィールから伯爵の館へ。あなたの空間に合う一枚を、一問で選びます。","HUMAN_APPROVAL_REQUIRED"
"HOME-03","x","/metal-print-campaign/home-03.jpg","https://www.hakusyaku.xyz/metal-print/almost-home-hotel-art?utm_source=x&utm_medium=organic_social&utm_campaign=metal_print_inbound&utm_content=HOME-03","長く滞在する部屋には、住所より先に物語がいる。

サービスレジデンスや長期滞在の空間に、借り物ではない帰属感を。相性は伯爵が一問で見立てます。

プロフィールから伯爵の館へ。あなたの空間に合う一枚を、一問で選びます。","HUMAN_APPROVAL_REQUIRED"
"BALIAN-01","instagram","/metal-print-campaign/balian-01.jpg","https://www.hakusyaku.xyz/metal-print/balian-retreat-art?utm_source=instagram&utm_medium=organic_social&utm_campaign=metal_print_inbound&utm_content=BALIAN-01","静かな部屋と、力のない部屋は違う。

リトリート空間に必要な、静けさの芯。バリの儀式と浄化を背景に持つCollector Previewです。

プロフィールから伯爵の館へ。あなたの空間に合う一枚を、一問で選びます。","HUMAN_APPROVAL_REQUIRED"
"BALIAN-01","youtube","/metal-print-campaign/balian-01.jpg","https://www.hakusyaku.xyz/metal-print/balian-retreat-art?utm_source=youtube&utm_medium=organic_social&utm_campaign=metal_print_inbound&utm_content=BALIAN-01","静かな部屋と、力のない部屋は違う。

リトリート空間に必要な、静けさの芯。バリの儀式と浄化を背景に持つCollector Previewです。

プロフィールから伯爵の館へ。あなたの空間に合う一枚を、一問で選びます。","HUMAN_APPROVAL_REQUIRED"
"BALIAN-01","pinterest","/metal-print-campaign/balian-01.jpg","https://www.hakusyaku.xyz/metal-print/balian-retreat-art?utm_source=pinterest&utm_medium=organic_social&utm_campaign=metal_print_inbound&utm_content=BALIAN-01","静かな部屋と、力のない部屋は違う。

リトリート空間に必要な、静けさの芯。バリの儀式と浄化を背景に持つCollector Previewです。

プロフィールから伯爵の館へ。あなたの空間に合う一枚を、一問で選びます。","HUMAN_APPROVAL_REQUIRED"
"BALIAN-01","linkedin","/metal-print-campaign/balian-01.jpg","https://www.hakusyaku.xyz/metal-print/balian-retreat-art?utm_source=linkedin&utm_medium=organic_social&utm_campaign=metal_print_inbound&utm_content=BALIAN-01","静かな部屋と、力のない部屋は違う。

リトリート空間に必要な、静けさの芯。バリの儀式と浄化を背景に持つCollector Previewです。

プロフィールから伯爵の館へ。あなたの空間に合う一枚を、一問で選びます。","HUMAN_APPROVAL_REQUIRED"
"BALIAN-01","x","/metal-print-campaign/balian-01.jpg","https://www.hakusyaku.xyz/metal-print/balian-retreat-art?utm_source=x&utm_medium=organic_social&utm_campaign=metal_print_inbound&utm_content=BALIAN-01","静かな部屋と、力のない部屋は違う。

リトリート空間に必要な、静けさの芯。バリの儀式と浄化を背景に持つCollector Previewです。

プロフィールから伯爵の館へ。あなたの空間に合う一枚を、一問で選びます。","HUMAN_APPROVAL_REQUIRED"
"BALIAN-02","instagram","/metal-print-campaign/balian-02.jpg","https://www.hakusyaku.xyz/metal-print/balian-retreat-art?utm_source=instagram&utm_medium=organic_social&utm_campaign=metal_print_inbound&utm_content=BALIAN-02","視線が戻る場所をつくると、空間は儀式になる。

スパや静養室の中心に、説明ではなく感覚で戻れる一点を。現在はproof前の空間診断を受付中です。

プロフィールから伯爵の館へ。あなたの空間に合う一枚を、一問で選びます。","HUMAN_APPROVAL_REQUIRED"
"BALIAN-02","youtube","/metal-print-campaign/balian-02.jpg","https://www.hakusyaku.xyz/metal-print/balian-retreat-art?utm_source=youtube&utm_medium=organic_social&utm_campaign=metal_print_inbound&utm_content=BALIAN-02","視線が戻る場所をつくると、空間は儀式になる。

スパや静養室の中心に、説明ではなく感覚で戻れる一点を。現在はproof前の空間診断を受付中です。

プロフィールから伯爵の館へ。あなたの空間に合う一枚を、一問で選びます。","HUMAN_APPROVAL_REQUIRED"
"BALIAN-02","pinterest","/metal-print-campaign/balian-02.jpg","https://www.hakusyaku.xyz/metal-print/balian-retreat-art?utm_source=pinterest&utm_medium=organic_social&utm_campaign=metal_print_inbound&utm_content=BALIAN-02","視線が戻る場所をつくると、空間は儀式になる。

スパや静養室の中心に、説明ではなく感覚で戻れる一点を。現在はproof前の空間診断を受付中です。

プロフィールから伯爵の館へ。あなたの空間に合う一枚を、一問で選びます。","HUMAN_APPROVAL_REQUIRED"
"BALIAN-02","linkedin","/metal-print-campaign/balian-02.jpg","https://www.hakusyaku.xyz/metal-print/balian-retreat-art?utm_source=linkedin&utm_medium=organic_social&utm_campaign=metal_print_inbound&utm_content=BALIAN-02","視線が戻る場所をつくると、空間は儀式になる。

スパや静養室の中心に、説明ではなく感覚で戻れる一点を。現在はproof前の空間診断を受付中です。

プロフィールから伯爵の館へ。あなたの空間に合う一枚を、一問で選びます。","HUMAN_APPROVAL_REQUIRED"
"BALIAN-02","x","/metal-print-campaign/balian-02.jpg","https://www.hakusyaku.xyz/metal-print/balian-retreat-art?utm_source=x&utm_medium=organic_social&utm_campaign=metal_print_inbound&utm_content=BALIAN-02","視線が戻る場所をつくると、空間は儀式になる。

スパや静養室の中心に、説明ではなく感覚で戻れる一点を。現在はproof前の空間診断を受付中です。

プロフィールから伯爵の館へ。あなたの空間に合う一枚を、一問で選びます。","HUMAN_APPROVAL_REQUIRED"
"BALIAN-03","instagram","/metal-print-campaign/balian-03.jpg","https://www.hakusyaku.xyz/metal-print/balian-retreat-art?utm_source=instagram&utm_medium=organic_social&utm_campaign=metal_print_inbound&utm_content=BALIAN-03","ホテルの記憶は、チェックアウト後の一場面で決まる。

客室数ではなく、一つの記憶を残すホスピタリティへ。BALIANと空間の相性を一問で。

プロフィールから伯爵の館へ。あなたの空間に合う一枚を、一問で選びます。","HUMAN_APPROVAL_REQUIRED"
"BALIAN-03","youtube","/metal-print-campaign/balian-03.jpg","https://www.hakusyaku.xyz/metal-print/balian-retreat-art?utm_source=youtube&utm_medium=organic_social&utm_campaign=metal_print_inbound&utm_content=BALIAN-03","ホテルの記憶は、チェックアウト後の一場面で決まる。

客室数ではなく、一つの記憶を残すホスピタリティへ。BALIANと空間の相性を一問で。

プロフィールから伯爵の館へ。あなたの空間に合う一枚を、一問で選びます。","HUMAN_APPROVAL_REQUIRED"
"BALIAN-03","pinterest","/metal-print-campaign/balian-03.jpg","https://www.hakusyaku.xyz/metal-print/balian-retreat-art?utm_source=pinterest&utm_medium=organic_social&utm_campaign=metal_print_inbound&utm_content=BALIAN-03","ホテルの記憶は、チェックアウト後の一場面で決まる。

客室数ではなく、一つの記憶を残すホスピタリティへ。BALIANと空間の相性を一問で。

プロフィールから伯爵の館へ。あなたの空間に合う一枚を、一問で選びます。","HUMAN_APPROVAL_REQUIRED"
"BALIAN-03","linkedin","/metal-print-campaign/balian-03.jpg","https://www.hakusyaku.xyz/metal-print/balian-retreat-art?utm_source=linkedin&utm_medium=organic_social&utm_campaign=metal_print_inbound&utm_content=BALIAN-03","ホテルの記憶は、チェックアウト後の一場面で決まる。

客室数ではなく、一つの記憶を残すホスピタリティへ。BALIANと空間の相性を一問で。

プロフィールから伯爵の館へ。あなたの空間に合う一枚を、一問で選びます。","HUMAN_APPROVAL_REQUIRED"
"BALIAN-03","x","/metal-print-campaign/balian-03.jpg","https://www.hakusyaku.xyz/metal-print/balian-retreat-art?utm_source=x&utm_medium=organic_social&utm_campaign=metal_print_inbound&utm_content=BALIAN-03","ホテルの記憶は、チェックアウト後の一場面で決まる。

客室数ではなく、一つの記憶を残すホスピタリティへ。BALIANと空間の相性を一問で。

プロフィールから伯爵の館へ。あなたの空間に合う一枚を、一問で選びます。","HUMAN_APPROVAL_REQUIRED"
"NATURA-01","instagram","/metal-print-campaign/natura-01.jpg","https://www.hakusyaku.xyz/metal-print/deus-sive-natura-wall-art?utm_source=instagram&utm_medium=organic_social&utm_campaign=metal_print_inbound&utm_content=NATURA-01","書斎には、答えより大きな問いを置く。

神すなわち自然。思考が深くなる書斎の焦点として、哲学を壁面へ移すCollector Previewです。

プロフィールから伯爵の館へ。あなたの空間に合う一枚を、一問で選びます。","HUMAN_APPROVAL_REQUIRED"
"NATURA-01","youtube","/metal-print-campaign/natura-01.jpg","https://www.hakusyaku.xyz/metal-print/deus-sive-natura-wall-art?utm_source=youtube&utm_medium=organic_social&utm_campaign=metal_print_inbound&utm_content=NATURA-01","書斎には、答えより大きな問いを置く。

神すなわち自然。思考が深くなる書斎の焦点として、哲学を壁面へ移すCollector Previewです。

プロフィールから伯爵の館へ。あなたの空間に合う一枚を、一問で選びます。","HUMAN_APPROVAL_REQUIRED"
"NATURA-01","threads","/metal-print-campaign/natura-01.jpg","https://www.hakusyaku.xyz/metal-print/deus-sive-natura-wall-art?utm_source=threads&utm_medium=organic_social&utm_campaign=metal_print_inbound&utm_content=NATURA-01","書斎には、答えより大きな問いを置く。

神すなわち自然。思考が深くなる書斎の焦点として、哲学を壁面へ移すCollector Previewです。

プロフィールから伯爵の館へ。あなたの空間に合う一枚を、一問で選びます。","HUMAN_APPROVAL_REQUIRED"
"NATURA-01","tiktok","/metal-print-campaign/natura-01.jpg","https://www.hakusyaku.xyz/metal-print/deus-sive-natura-wall-art?utm_source=tiktok&utm_medium=organic_social&utm_campaign=metal_print_inbound&utm_content=NATURA-01","書斎には、答えより大きな問いを置く。

神すなわち自然。思考が深くなる書斎の焦点として、哲学を壁面へ移すCollector Previewです。

プロフィールから伯爵の館へ。あなたの空間に合う一枚を、一問で選びます。","HUMAN_APPROVAL_REQUIRED"
"NATURA-02","instagram","/metal-print-campaign/natura-02.jpg","https://www.hakusyaku.xyz/metal-print/deus-sive-natura-wall-art?utm_source=instagram&utm_medium=organic_social&utm_campaign=metal_print_inbound&utm_content=NATURA-02","高級な部屋に、もう一つ高価な物はいらない。象徴がいる。

価格ではなく、その家の思想を示す一点。Deus sive Naturaと空間の相性を伯爵が見立てます。

プロフィールから伯爵の館へ。あなたの空間に合う一枚を、一問で選びます。","HUMAN_APPROVAL_REQUIRED"
"NATURA-02","youtube","/metal-print-campaign/natura-02.jpg","https://www.hakusyaku.xyz/metal-print/deus-sive-natura-wall-art?utm_source=youtube&utm_medium=organic_social&utm_campaign=metal_print_inbound&utm_content=NATURA-02","高級な部屋に、もう一つ高価な物はいらない。象徴がいる。

価格ではなく、その家の思想を示す一点。Deus sive Naturaと空間の相性を伯爵が見立てます。

プロフィールから伯爵の館へ。あなたの空間に合う一枚を、一問で選びます。","HUMAN_APPROVAL_REQUIRED"
"NATURA-02","pinterest","/metal-print-campaign/natura-02.jpg","https://www.hakusyaku.xyz/metal-print/deus-sive-natura-wall-art?utm_source=pinterest&utm_medium=organic_social&utm_campaign=metal_print_inbound&utm_content=NATURA-02","高級な部屋に、もう一つ高価な物はいらない。象徴がいる。

価格ではなく、その家の思想を示す一点。Deus sive Naturaと空間の相性を伯爵が見立てます。

プロフィールから伯爵の館へ。あなたの空間に合う一枚を、一問で選びます。","HUMAN_APPROVAL_REQUIRED"
"NATURA-02","linkedin","/metal-print-campaign/natura-02.jpg","https://www.hakusyaku.xyz/metal-print/deus-sive-natura-wall-art?utm_source=linkedin&utm_medium=organic_social&utm_campaign=metal_print_inbound&utm_content=NATURA-02","高級な部屋に、もう一つ高価な物はいらない。象徴がいる。

価格ではなく、その家の思想を示す一点。Deus sive Naturaと空間の相性を伯爵が見立てます。

プロフィールから伯爵の館へ。あなたの空間に合う一枚を、一問で選びます。","HUMAN_APPROVAL_REQUIRED"
"NATURA-02","x","/metal-print-campaign/natura-02.jpg","https://www.hakusyaku.xyz/metal-print/deus-sive-natura-wall-art?utm_source=x&utm_medium=organic_social&utm_campaign=metal_print_inbound&utm_content=NATURA-02","高級な部屋に、もう一つ高価な物はいらない。象徴がいる。

価格ではなく、その家の思想を示す一点。Deus sive Naturaと空間の相性を伯爵が見立てます。

プロフィールから伯爵の館へ。あなたの空間に合う一枚を、一問で選びます。","HUMAN_APPROVAL_REQUIRED"
"NATURA-03","instagram","/metal-print-campaign/natura-03.jpg","https://www.hakusyaku.xyz/metal-print/deus-sive-natura-wall-art?utm_source=instagram&utm_medium=organic_social&utm_campaign=metal_print_inbound&utm_content=NATURA-03","自然を見るのではなく、自分も自然だと思い出す部屋。

ウェルネス空間に、借り物の癒やしではなく世界観を。現在は印刷proof前のCollector Previewです。

プロフィールから伯爵の館へ。あなたの空間に合う一枚を、一問で選びます。","HUMAN_APPROVAL_REQUIRED"
"NATURA-03","youtube","/metal-print-campaign/natura-03.jpg","https://www.hakusyaku.xyz/metal-print/deus-sive-natura-wall-art?utm_source=youtube&utm_medium=organic_social&utm_campaign=metal_print_inbound&utm_content=NATURA-03","自然を見るのではなく、自分も自然だと思い出す部屋。

ウェルネス空間に、借り物の癒やしではなく世界観を。現在は印刷proof前のCollector Previewです。

プロフィールから伯爵の館へ。あなたの空間に合う一枚を、一問で選びます。","HUMAN_APPROVAL_REQUIRED"
"NATURA-03","pinterest","/metal-print-campaign/natura-03.jpg","https://www.hakusyaku.xyz/metal-print/deus-sive-natura-wall-art?utm_source=pinterest&utm_medium=organic_social&utm_campaign=metal_print_inbound&utm_content=NATURA-03","自然を見るのではなく、自分も自然だと思い出す部屋。

ウェルネス空間に、借り物の癒やしではなく世界観を。現在は印刷proof前のCollector Previewです。

プロフィールから伯爵の館へ。あなたの空間に合う一枚を、一問で選びます。","HUMAN_APPROVAL_REQUIRED"
"NATURA-03","linkedin","/metal-print-campaign/natura-03.jpg","https://www.hakusyaku.xyz/metal-print/deus-sive-natura-wall-art?utm_source=linkedin&utm_medium=organic_social&utm_campaign=metal_print_inbound&utm_content=NATURA-03","自然を見るのではなく、自分も自然だと思い出す部屋。

ウェルネス空間に、借り物の癒やしではなく世界観を。現在は印刷proof前のCollector Previewです。

プロフィールから伯爵の館へ。あなたの空間に合う一枚を、一問で選びます。","HUMAN_APPROVAL_REQUIRED"
"NATURA-03","x","/metal-print-campaign/natura-03.jpg","https://www.hakusyaku.xyz/metal-print/deus-sive-natura-wall-art?utm_source=x&utm_medium=organic_social&utm_campaign=metal_print_inbound&utm_content=NATURA-03","自然を見るのではなく、自分も自然だと思い出す部屋。

ウェルネス空間に、借り物の癒やしではなく世界観を。現在は印刷proof前のCollector Previewです。

プロフィールから伯爵の館へ。あなたの空間に合う一枚を、一問で選びます。","HUMAN_APPROVAL_REQUIRED"
