placement_id,asset_id,channel,approval_state,approval_token,scheduled_at,published_at,published_url,spend_yen,notes
"IGNITION-EN-01:instagram","IGNITION-EN-01","instagram","HUMAN_APPROVAL_REQUIRED","","","","","0",""
"IGNITION-EN-01:youtube","IGNITION-EN-01","youtube","HUMAN_APPROVAL_REQUIRED","","","","","0",""
"IGNITION-EN-01:pinterest","IGNITION-EN-01","pinterest","HUMAN_APPROVAL_REQUIRED","","","","","0",""
"IGNITION-EN-01:linkedin","IGNITION-EN-01","linkedin","HUMAN_APPROVAL_REQUIRED","","","","","0",""
"IGNITION-EN-01:x","IGNITION-EN-01","x","HUMAN_APPROVAL_REQUIRED","","","","","0",""
"IGNITION-EN-02:instagram","IGNITION-EN-02","instagram","HUMAN_APPROVAL_REQUIRED","","","","","0",""
"IGNITION-EN-02:youtube","IGNITION-EN-02","youtube","HUMAN_APPROVAL_REQUIRED","","","","","0",""
"IGNITION-EN-02:pinterest","IGNITION-EN-02","pinterest","HUMAN_APPROVAL_REQUIRED","","","","","0",""
"IGNITION-EN-02:linkedin","IGNITION-EN-02","linkedin","HUMAN_APPROVAL_REQUIRED","","","","","0",""
"IGNITION-EN-02:x","IGNITION-EN-02","x","HUMAN_APPROVAL_REQUIRED","","","","","0",""
"IGNITION-EN-03:instagram","IGNITION-EN-03","instagram","HUMAN_APPROVAL_REQUIRED","","","","","0",""
"IGNITION-EN-03:youtube","IGNITION-EN-03","youtube","HUMAN_APPROVAL_REQUIRED","","","","","0",""
"IGNITION-EN-03:pinterest","IGNITION-EN-03","pinterest","HUMAN_APPROVAL_REQUIRED","","","","","0",""
"IGNITION-EN-03:linkedin","IGNITION-EN-03","linkedin","HUMAN_APPROVAL_REQUIRED","","","","","0",""
"IGNITION-EN-03:x","IGNITION-EN-03","x","HUMAN_APPROVAL_REQUIRED","","","","","0",""
"HOME-EN-01:instagram","HOME-EN-01","instagram","HUMAN_APPROVAL_REQUIRED","","","","","0",""
"HOME-EN-01:youtube","HOME-EN-01","youtube","HUMAN_APPROVAL_REQUIRED","","","","","0",""
"HOME-EN-01:pinterest","HOME-EN-01","pinterest","HUMAN_APPROVAL_REQUIRED","","","","","0",""
"HOME-EN-01:linkedin","HOME-EN-01","linkedin","HUMAN_APPROVAL_REQUIRED","","","","","0",""
"HOME-EN-01:x","HOME-EN-01","x","HUMAN_APPROVAL_REQUIRED","","","","","0",""
"HOME-EN-02:instagram","HOME-EN-02","instagram","HUMAN_APPROVAL_REQUIRED","","","","","0",""
"HOME-EN-02:youtube","HOME-EN-02","youtube","HUMAN_APPROVAL_REQUIRED","","","","","0",""
"HOME-EN-02:pinterest","HOME-EN-02","pinterest","HUMAN_APPROVAL_REQUIRED","","","","","0",""
"HOME-EN-02:linkedin","HOME-EN-02","linkedin","HUMAN_APPROVAL_REQUIRED","","","","","0",""
"HOME-EN-02:x","HOME-EN-02","x","HUMAN_APPROVAL_REQUIRED","","","","","0",""
"HOME-EN-03:instagram","HOME-EN-03","instagram","HUMAN_APPROVAL_REQUIRED","","","","","0",""
"HOME-EN-03:youtube","HOME-EN-03","youtube","HUMAN_APPROVAL_REQUIRED","","","","","0",""
"HOME-EN-03:pinterest","HOME-EN-03","pinterest","HUMAN_APPROVAL_REQUIRED","","","","","0",""
"HOME-EN-03:linkedin","HOME-EN-03","linkedin","HUMAN_APPROVAL_REQUIRED","","","","","0",""
"HOME-EN-03:x","HOME-EN-03","x","HUMAN_APPROVAL_REQUIRED","","","","","0",""
"BALIAN-EN-01:instagram","BALIAN-EN-01","instagram","HUMAN_APPROVAL_REQUIRED","","","","","0",""
"BALIAN-EN-01:youtube","BALIAN-EN-01","youtube","HUMAN_APPROVAL_REQUIRED","","","","","0",""
"BALIAN-EN-01:pinterest","BALIAN-EN-01","pinterest","HUMAN_APPROVAL_REQUIRED","","","","","0",""
"BALIAN-EN-01:linkedin","BALIAN-EN-01","linkedin","HUMAN_APPROVAL_REQUIRED","","","","","0",""
"BALIAN-EN-01:x","BALIAN-EN-01","x","HUMAN_APPROVAL_REQUIRED","","","","","0",""
"BALIAN-EN-02:instagram","BALIAN-EN-02","instagram","HUMAN_APPROVAL_REQUIRED","","","","","0",""
"BALIAN-EN-02:youtube","BALIAN-EN-02","youtube","HUMAN_APPROVAL_REQUIRED","","","","","0",""
"BALIAN-EN-02:pinterest","BALIAN-EN-02","pinterest","HUMAN_APPROVAL_REQUIRED","","","","","0",""
"BALIAN-EN-02:linkedin","BALIAN-EN-02","linkedin","HUMAN_APPROVAL_REQUIRED","","","","","0",""
"BALIAN-EN-02:x","BALIAN-EN-02","x","HUMAN_APPROVAL_REQUIRED","","","","","0",""
"BALIAN-EN-03:instagram","BALIAN-EN-03","instagram","HUMAN_APPROVAL_REQUIRED","","","","","0",""
"BALIAN-EN-03:youtube","BALIAN-EN-03","youtube","HUMAN_APPROVAL_REQUIRED","","","","","0",""
"BALIAN-EN-03:pinterest","BALIAN-EN-03","pinterest","HUMAN_APPROVAL_REQUIRED","","","","","0",""
"BALIAN-EN-03:linkedin","BALIAN-EN-03","linkedin","HUMAN_APPROVAL_REQUIRED","","","","","0",""
"BALIAN-EN-03:x","BALIAN-EN-03","x","HUMAN_APPROVAL_REQUIRED","","","","","0",""
"NATURA-EN-01:instagram","NATURA-EN-01","instagram","HUMAN_APPROVAL_REQUIRED","","","","","0",""
"NATURA-EN-01:youtube","NATURA-EN-01","youtube","HUMAN_APPROVAL_REQUIRED","","","","","0",""
"NATURA-EN-01:pinterest","NATURA-EN-01","pinterest","HUMAN_APPROVAL_REQUIRED","","","","","0",""
"NATURA-EN-01:linkedin","NATURA-EN-01","linkedin","HUMAN_APPROVAL_REQUIRED","","","","","0",""
"NATURA-EN-01:x","NATURA-EN-01","x","HUMAN_APPROVAL_REQUIRED","","","","","0",""
"NATURA-EN-02:instagram","NATURA-EN-02","instagram","HUMAN_APPROVAL_REQUIRED","","","","","0",""
"NATURA-EN-02:youtube","NATURA-EN-02","youtube","HUMAN_APPROVAL_REQUIRED","","","","","0",""
"NATURA-EN-02:pinterest","NATURA-EN-02","pinterest","HUMAN_APPROVAL_REQUIRED","","","","","0",""
"NATURA-EN-02:linkedin","NATURA-EN-02","linkedin","HUMAN_APPROVAL_REQUIRED","","","","","0",""
"NATURA-EN-02:x","NATURA-EN-02","x","HUMAN_APPROVAL_REQUIRED","","","","","0",""
"NATURA-EN-03:instagram","NATURA-EN-03","instagram","HUMAN_APPROVAL_REQUIRED","","","","","0",""
"NATURA-EN-03:youtube","NATURA-EN-03","youtube","HUMAN_APPROVAL_REQUIRED","","","","","0",""
"NATURA-EN-03:pinterest","NATURA-EN-03","pinterest","HUMAN_APPROVAL_REQUIRED","","","","","0",""
"NATURA-EN-03:linkedin","NATURA-EN-03","linkedin","HUMAN_APPROVAL_REQUIRED","","","","","0",""
"NATURA-EN-03:x","NATURA-EN-03","x","HUMAN_APPROVAL_REQUIRED","","","","","0",""
