prospectId,segment,source,owner,consentState,interestedWork,desiredSpace,budgetBand,purchaseTiming,decisionMaker,stage,dossierId,quotedPriceYen,priceAuthority,nextAction,nextActionAt,lostReason,paymentState,editionId,serialNumber
MP-0001,existing_fan,,,unknown,,,,,,research_required,,,unassigned,identify_real_prospect,,,not_started,,
MP-0002,existing_fan,,,unknown,,,,,,research_required,,,unassigned,identify_real_prospect,,,not_started,,
MP-0003,existing_fan,,,unknown,,,,,,research_required,,,unassigned,identify_real_prospect,,,not_started,,
MP-0004,existing_fan,,,unknown,,,,,,research_required,,,unassigned,identify_real_prospect,,,not_started,,
MP-0005,existing_fan,,,unknown,,,,,,research_required,,,unassigned,identify_real_prospect,,,not_started,,
MP-0006,existing_fan,,,unknown,,,,,,research_required,,,unassigned,identify_real_prospect,,,not_started,,
MP-0007,existing_fan,,,unknown,,,,,,research_required,,,unassigned,identify_real_prospect,,,not_started,,
MP-0008,existing_fan,,,unknown,,,,,,research_required,,,unassigned,identify_real_prospect,,,not_started,,
MP-0009,existing_fan,,,unknown,,,,,,research_required,,,unassigned,identify_real_prospect,,,not_started,,
MP-0010,existing_fan,,,unknown,,,,,,research_required,,,unassigned,identify_real_prospect,,,not_started,,
MP-0011,existing_fan,,,unknown,,,,,,research_required,,,unassigned,identify_real_prospect,,,not_started,,
MP-0012,existing_fan,,,unknown,,,,,,research_required,,,unassigned,identify_real_prospect,,,not_started,,
MP-0013,existing_fan,,,unknown,,,,,,research_required,,,unassigned,identify_real_prospect,,,not_started,,
MP-0014,existing_fan,,,unknown,,,,,,research_required,,,unassigned,identify_real_prospect,,,not_started,,
MP-0015,existing_fan,,,unknown,,,,,,research_required,,,unassigned,identify_real_prospect,,,not_started,,
MP-0016,existing_fan,,,unknown,,,,,,research_required,,,unassigned,identify_real_prospect,,,not_started,,
MP-0017,existing_fan,,,unknown,,,,,,research_required,,,unassigned,identify_real_prospect,,,not_started,,
MP-0018,existing_fan,,,unknown,,,,,,research_required,,,unassigned,identify_real_prospect,,,not_started,,
MP-0019,existing_fan,,,unknown,,,,,,research_required,,,unassigned,identify_real_prospect,,,not_started,,
MP-0020,existing_fan,,,unknown,,,,,,research_required,,,unassigned,identify_real_prospect,,,not_started,,
MP-0021,existing_fan,,,unknown,,,,,,research_required,,,unassigned,identify_real_prospect,,,not_started,,
MP-0022,existing_fan,,,unknown,,,,,,research_required,,,unassigned,identify_real_prospect,,,not_started,,
MP-0023,existing_fan,,,unknown,,,,,,research_required,,,unassigned,identify_real_prospect,,,not_started,,
MP-0024,existing_fan,,,unknown,,,,,,research_required,,,unassigned,identify_real_prospect,,,not_started,,
MP-0025,existing_fan,,,unknown,,,,,,research_required,,,unassigned,identify_real_prospect,,,not_started,,
MP-0026,existing_fan,,,unknown,,,,,,research_required,,,unassigned,identify_real_prospect,,,not_started,,
MP-0027,existing_fan,,,unknown,,,,,,research_required,,,unassigned,identify_real_prospect,,,not_started,,
MP-0028,existing_fan,,,unknown,,,,,,research_required,,,unassigned,identify_real_prospect,,,not_started,,
MP-0029,existing_fan,,,unknown,,,,,,research_required,,,unassigned,identify_real_prospect,,,not_started,,
MP-0030,existing_fan,,,unknown,,,,,,research_required,,,unassigned,identify_real_prospect,,,not_started,,
MP-0031,existing_fan,,,unknown,,,,,,research_required,,,unassigned,identify_real_prospect,,,not_started,,
MP-0032,existing_fan,,,unknown,,,,,,research_required,,,unassigned,identify_real_prospect,,,not_started,,
MP-0033,existing_fan,,,unknown,,,,,,research_required,,,unassigned,identify_real_prospect,,,not_started,,
MP-0034,existing_fan,,,unknown,,,,,,research_required,,,unassigned,identify_real_prospect,,,not_started,,
MP-0035,existing_fan,,,unknown,,,,,,research_required,,,unassigned,identify_real_prospect,,,not_started,,
MP-0036,existing_fan,,,unknown,,,,,,research_required,,,unassigned,identify_real_prospect,,,not_started,,
MP-0037,existing_fan,,,unknown,,,,,,research_required,,,unassigned,identify_real_prospect,,,not_started,,
MP-0038,existing_fan,,,unknown,,,,,,research_required,,,unassigned,identify_real_prospect,,,not_started,,
MP-0039,existing_fan,,,unknown,,,,,,research_required,,,unassigned,identify_real_prospect,,,not_started,,
MP-0040,existing_fan,,,unknown,,,,,,research_required,,,unassigned,identify_real_prospect,,,not_started,,
MP-0041,existing_fan,,,unknown,,,,,,research_required,,,unassigned,identify_real_prospect,,,not_started,,
MP-0042,existing_fan,,,unknown,,,,,,research_required,,,unassigned,identify_real_prospect,,,not_started,,
MP-0043,existing_fan,,,unknown,,,,,,research_required,,,unassigned,identify_real_prospect,,,not_started,,
MP-0044,existing_fan,,,unknown,,,,,,research_required,,,unassigned,identify_real_prospect,,,not_started,,
MP-0045,existing_fan,,,unknown,,,,,,research_required,,,unassigned,identify_real_prospect,,,not_started,,
MP-0046,private_collector,,,unknown,,,,,,research_required,,,unassigned,identify_real_prospect,,,not_started,,
MP-0047,private_collector,,,unknown,,,,,,research_required,,,unassigned,identify_real_prospect,,,not_started,,
MP-0048,private_collector,,,unknown,,,,,,research_required,,,unassigned,identify_real_prospect,,,not_started,,
MP-0049,private_collector,,,unknown,,,,,,research_required,,,unassigned,identify_real_prospect,,,not_started,,
MP-0050,private_collector,,,unknown,,,,,,research_required,,,unassigned,identify_real_prospect,,,not_started,,
MP-0051,private_collector,,,unknown,,,,,,research_required,,,unassigned,identify_real_prospect,,,not_started,,
MP-0052,private_collector,,,unknown,,,,,,research_required,,,unassigned,identify_real_prospect,,,not_started,,
MP-0053,private_collector,,,unknown,,,,,,research_required,,,unassigned,identify_real_prospect,,,not_started,,
MP-0054,private_collector,,,unknown,,,,,,research_required,,,unassigned,identify_real_prospect,,,not_started,,
MP-0055,private_collector,,,unknown,,,,,,research_required,,,unassigned,identify_real_prospect,,,not_started,,
MP-0056,private_collector,,,unknown,,,,,,research_required,,,unassigned,identify_real_prospect,,,not_started,,
MP-0057,private_collector,,,unknown,,,,,,research_required,,,unassigned,identify_real_prospect,,,not_started,,
MP-0058,private_collector,,,unknown,,,,,,research_required,,,unassigned,identify_real_prospect,,,not_started,,
MP-0059,private_collector,,,unknown,,,,,,research_required,,,unassigned,identify_real_prospect,,,not_started,,
MP-0060,private_collector,,,unknown,,,,,,research_required,,,unassigned,identify_real_prospect,,,not_started,,
MP-0061,private_collector,,,unknown,,,,,,research_required,,,unassigned,identify_real_prospect,,,not_started,,
MP-0062,private_collector,,,unknown,,,,,,research_required,,,unassigned,identify_real_prospect,,,not_started,,
MP-0063,private_collector,,,unknown,,,,,,research_required,,,unassigned,identify_real_prospect,,,not_started,,
MP-0064,private_collector,,,unknown,,,,,,research_required,,,unassigned,identify_real_prospect,,,not_started,,
MP-0065,private_collector,,,unknown,,,,,,research_required,,,unassigned,identify_real_prospect,,,not_started,,
MP-0066,private_collector,,,unknown,,,,,,research_required,,,unassigned,identify_real_prospect,,,not_started,,
MP-0067,private_collector,,,unknown,,,,,,research_required,,,unassigned,identify_real_prospect,,,not_started,,
MP-0068,private_collector,,,unknown,,,,,,research_required,,,unassigned,identify_real_prospect,,,not_started,,
MP-0069,private_collector,,,unknown,,,,,,research_required,,,unassigned,identify_real_prospect,,,not_started,,
MP-0070,private_collector,,,unknown,,,,,,research_required,,,unassigned,identify_real_prospect,,,not_started,,
MP-0071,private_collector,,,unknown,,,,,,research_required,,,unassigned,identify_real_prospect,,,not_started,,
MP-0072,private_collector,,,unknown,,,,,,research_required,,,unassigned,identify_real_prospect,,,not_started,,
MP-0073,private_collector,,,unknown,,,,,,research_required,,,unassigned,identify_real_prospect,,,not_started,,
MP-0074,private_collector,,,unknown,,,,,,research_required,,,unassigned,identify_real_prospect,,,not_started,,
MP-0075,private_collector,,,unknown,,,,,,research_required,,,unassigned,identify_real_prospect,,,not_started,,
MP-0076,private_collector,,,unknown,,,,,,research_required,,,unassigned,identify_real_prospect,,,not_started,,
MP-0077,private_collector,,,unknown,,,,,,research_required,,,unassigned,identify_real_prospect,,,not_started,,
MP-0078,private_collector,,,unknown,,,,,,research_required,,,unassigned,identify_real_prospect,,,not_started,,
MP-0079,private_collector,,,unknown,,,,,,research_required,,,unassigned,identify_real_prospect,,,not_started,,
MP-0080,private_collector,,,unknown,,,,,,research_required,,,unassigned,identify_real_prospect,,,not_started,,
MP-0081,private_collector,,,unknown,,,,,,research_required,,,unassigned,identify_real_prospect,,,not_started,,
MP-0082,private_collector,,,unknown,,,,,,research_required,,,unassigned,identify_real_prospect,,,not_started,,
MP-0083,private_collector,,,unknown,,,,,,research_required,,,unassigned,identify_real_prospect,,,not_started,,
MP-0084,private_collector,,,unknown,,,,,,research_required,,,unassigned,identify_real_prospect,,,not_started,,
MP-0085,private_collector,,,unknown,,,,,,research_required,,,unassigned,identify_real_prospect,,,not_started,,
MP-0086,space_business,,,unknown,,,,,,research_required,,,unassigned,identify_real_prospect,,,not_started,,
MP-0087,space_business,,,unknown,,,,,,research_required,,,unassigned,identify_real_prospect,,,not_started,,
MP-0088,space_business,,,unknown,,,,,,research_required,,,unassigned,identify_real_prospect,,,not_started,,
MP-0089,space_business,,,unknown,,,,,,research_required,,,unassigned,identify_real_prospect,,,not_started,,
MP-0090,space_business,,,unknown,,,,,,research_required,,,unassigned,identify_real_prospect,,,not_started,,
MP-0091,space_business,,,unknown,,,,,,research_required,,,unassigned,identify_real_prospect,,,not_started,,
MP-0092,space_business,,,unknown,,,,,,research_required,,,unassigned,identify_real_prospect,,,not_started,,
MP-0093,space_business,,,unknown,,,,,,research_required,,,unassigned,identify_real_prospect,,,not_started,,
MP-0094,space_business,,,unknown,,,,,,research_required,,,unassigned,identify_real_prospect,,,not_started,,
MP-0095,space_business,,,unknown,,,,,,research_required,,,unassigned,identify_real_prospect,,,not_started,,
MP-0096,space_business,,,unknown,,,,,,research_required,,,unassigned,identify_real_prospect,,,not_started,,
MP-0097,space_business,,,unknown,,,,,,research_required,,,unassigned,identify_real_prospect,,,not_started,,
MP-0098,space_business,,,unknown,,,,,,research_required,,,unassigned,identify_real_prospect,,,not_started,,
MP-0099,space_business,,,unknown,,,,,,research_required,,,unassigned,identify_real_prospect,,,not_started,,
MP-0100,space_business,,,unknown,,,,,,research_required,,,unassigned,identify_real_prospect,,,not_started,,
MP-0101,space_business,,,unknown,,,,,,research_required,,,unassigned,identify_real_prospect,,,not_started,,
MP-0102,space_business,,,unknown,,,,,,research_required,,,unassigned,identify_real_prospect,,,not_started,,
MP-0103,space_business,,,unknown,,,,,,research_required,,,unassigned,identify_real_prospect,,,not_started,,
MP-0104,space_business,,,unknown,,,,,,research_required,,,unassigned,identify_real_prospect,,,not_started,,
MP-0105,space_business,,,unknown,,,,,,research_required,,,unassigned,identify_real_prospect,,,not_started,,
MP-0106,space_business,,,unknown,,,,,,research_required,,,unassigned,identify_real_prospect,,,not_started,,
MP-0107,space_business,,,unknown,,,,,,research_required,,,unassigned,identify_real_prospect,,,not_started,,
MP-0108,space_business,,,unknown,,,,,,research_required,,,unassigned,identify_real_prospect,,,not_started,,
MP-0109,space_business,,,unknown,,,,,,research_required,,,unassigned,identify_real_prospect,,,not_started,,
MP-0110,space_business,,,unknown,,,,,,research_required,,,unassigned,identify_real_prospect,,,not_started,,
MP-0111,space_business,,,unknown,,,,,,research_required,,,unassigned,identify_real_prospect,,,not_started,,
MP-0112,space_business,,,unknown,,,,,,research_required,,,unassigned,identify_real_prospect,,,not_started,,
MP-0113,space_business,,,unknown,,,,,,research_required,,,unassigned,identify_real_prospect,,,not_started,,
MP-0114,space_business,,,unknown,,,,,,research_required,,,unassigned,identify_real_prospect,,,not_started,,
MP-0115,space_business,,,unknown,,,,,,research_required,,,unassigned,identify_real_prospect,,,not_started,,
MP-0116,space_business,,,unknown,,,,,,research_required,,,unassigned,identify_real_prospect,,,not_started,,
MP-0117,space_business,,,unknown,,,,,,research_required,,,unassigned,identify_real_prospect,,,not_started,,
MP-0118,space_business,,,unknown,,,,,,research_required,,,unassigned,identify_real_prospect,,,not_started,,
MP-0119,space_business,,,unknown,,,,,,research_required,,,unassigned,identify_real_prospect,,,not_started,,
MP-0120,space_business,,,unknown,,,,,,research_required,,,unassigned,identify_real_prospect,,,not_started,,
MP-0121,space_business,,,unknown,,,,,,research_required,,,unassigned,identify_real_prospect,,,not_started,,
MP-0122,space_business,,,unknown,,,,,,research_required,,,unassigned,identify_real_prospect,,,not_started,,
MP-0123,space_business,,,unknown,,,,,,research_required,,,unassigned,identify_real_prospect,,,not_started,,
MP-0124,space_business,,,unknown,,,,,,research_required,,,unassigned,identify_real_prospect,,,not_started,,
MP-0125,space_business,,,unknown,,,,,,research_required,,,unassigned,identify_real_prospect,,,not_started,,
MP-0126,corporate_gift,,,unknown,,,,,,research_required,,,unassigned,identify_real_prospect,,,not_started,,
MP-0127,corporate_gift,,,unknown,,,,,,research_required,,,unassigned,identify_real_prospect,,,not_started,,
MP-0128,corporate_gift,,,unknown,,,,,,research_required,,,unassigned,identify_real_prospect,,,not_started,,
MP-0129,corporate_gift,,,unknown,,,,,,research_required,,,unassigned,identify_real_prospect,,,not_started,,
MP-0130,corporate_gift,,,unknown,,,,,,research_required,,,unassigned,identify_real_prospect,,,not_started,,
MP-0131,corporate_gift,,,unknown,,,,,,research_required,,,unassigned,identify_real_prospect,,,not_started,,
MP-0132,corporate_gift,,,unknown,,,,,,research_required,,,unassigned,identify_real_prospect,,,not_started,,
MP-0133,corporate_gift,,,unknown,,,,,,research_required,,,unassigned,identify_real_prospect,,,not_started,,
MP-0134,corporate_gift,,,unknown,,,,,,research_required,,,unassigned,identify_real_prospect,,,not_started,,
MP-0135,corporate_gift,,,unknown,,,,,,research_required,,,unassigned,identify_real_prospect,,,not_started,,
MP-0136,corporate_gift,,,unknown,,,,,,research_required,,,unassigned,identify_real_prospect,,,not_started,,
MP-0137,corporate_gift,,,unknown,,,,,,research_required,,,unassigned,identify_real_prospect,,,not_started,,
MP-0138,corporate_gift,,,unknown,,,,,,research_required,,,unassigned,identify_real_prospect,,,not_started,,
MP-0139,corporate_gift,,,unknown,,,,,,research_required,,,unassigned,identify_real_prospect,,,not_started,,
MP-0140,corporate_gift,,,unknown,,,,,,research_required,,,unassigned,identify_real_prospect,,,not_started,,
MP-0141,corporate_gift,,,unknown,,,,,,research_required,,,unassigned,identify_real_prospect,,,not_started,,
MP-0142,corporate_gift,,,unknown,,,,,,research_required,,,unassigned,identify_real_prospect,,,not_started,,
MP-0143,corporate_gift,,,unknown,,,,,,research_required,,,unassigned,identify_real_prospect,,,not_started,,
MP-0144,corporate_gift,,,unknown,,,,,,research_required,,,unassigned,identify_real_prospect,,,not_started,,
MP-0145,corporate_gift,,,unknown,,,,,,research_required,,,unassigned,identify_real_prospect,,,not_started,,
MP-0146,corporate_gift,,,unknown,,,,,,research_required,,,unassigned,identify_real_prospect,,,not_started,,
MP-0147,corporate_gift,,,unknown,,,,,,research_required,,,unassigned,identify_real_prospect,,,not_started,,
MP-0148,corporate_gift,,,unknown,,,,,,research_required,,,unassigned,identify_real_prospect,,,not_started,,
MP-0149,corporate_gift,,,unknown,,,,,,research_required,,,unassigned,identify_real_prospect,,,not_started,,
MP-0150,corporate_gift,,,unknown,,,,,,research_required,,,unassigned,identify_real_prospect,,,not_started,,
