"placement_id","post_id","platform","status","approval_token","published_at","public_url","views_24h","three_second_views_24h","completion_rate_24h","saves_24h","shares_24h","meaningful_comments_24h","profile_visits_24h","views_72h","completion_rate_72h","saves_72h","shares_72h","profile_visits_72h","chat_sessions","first_messages","consultations","dossier_accepted","purchase_intent","net_non_refunded_yen","notes"
"ABI-LW01-01:instagram","ABI-LW01-01","instagram","PUBLISHED","APPROVE_EXTERNAL_POST:ABI-LW01-01:instagram","2026-07-25T23:42:57+09:00","https://www.instagram.com/abi_hakusyaku/p/DbOCUmsD6qI/","","","","","","0","","","","","","","0","0","0","0","0","0","public profile and alt text verified by 2026-07-25T23:42:57+09:00; [24h-resolved] owner post checked 2026-07-26T23:46+09:00: no comments; Instagram insight route returned unavailable, so views, three_second_views, completion_rate, saves, shares and profile_visits remain blank; [72h-resolved] owner post checked 2026-07-30T17:26+09:00: no comments; insight route returned page unavailable, so 72h metrics remain blank"
"ABI-LW01-01:threads","ABI-LW01-01","threads","PUBLISHED","APPROVE_EXTERNAL_POST:ABI-LW01-01:threads","2026-07-25T23:42:57+09:00","https://www.threads.com/@abi_hakusyaku/post/DbOChEpgYiK","1","","","","","0","","","","","","","0","0","0","0","0","0","public profile and alt text verified by 2026-07-25T23:42:57+09:00; [24h-resolved] owner post checked 2026-07-26T23:46+09:00: views=1 and no replies; three_second_views, completion_rate, saves, shares and profile_visits unavailable and preserved blank; [72h-resolved] owner post checked 2026-07-30T17:25+09:00: no replies; 72h views and other metrics unavailable and preserved blank"
"ABI-LW01-02:instagram","ABI-LW01-02","instagram","PUBLISHED","APPROVE_EXTERNAL_POST:ABI-LW01-02:instagram","2026-07-25T23:42:57+09:00","https://www.instagram.com/abi_hakusyaku/reel/DbOCsBvB0eU/","","","","","","0","","","","","","","0","0","0","0","0","0","public Reel and alt text verified by 2026-07-25T23:42:57+09:00; [24h-resolved] owner Reel checked 2026-07-26T23:46+09:00: no comments; views, three_second_views, completion_rate, saves, shares and profile_visits unavailable in the verified surface and preserved blank; [72h-resolved] owner Reel checked 2026-07-30T17:27+09:00: insight surface failed to load, so 72h metrics remain blank"
"ABI-LW01-02:tiktok","ABI-LW01-02","tiktok","PUBLISHED","APPROVE_EXTERNAL_POST:ABI-LW01-02:tiktok","2026-07-25T23:40:00+09:00","https://www.tiktok.com/@countabi/video/7666475258425216269","100","","","0","","0","","101","","0","","","0","0","0","0","0","0","platform review complete; public visibility confirmed; AI label enabled; [24h-resolved] owner TikTok Studio checked 2026-07-26T23:41+09:00: views=100, saves=0 and comments=0; three_second_views, completion_rate, shares and profile_visits unavailable in the verified content-list/public surfaces and preserved blank; [72h-resolved] owner TikTok Studio checked 2026-07-30T17:23+09:00: views=101, likes=0, comments=0, saves=0; completion_rate, shares and profile_visits unavailable"
"ABI-LW01-02:youtube","ABI-LW01-02","youtube","PUBLISHED","APPROVE_EXTERNAL_POST:ABI-LW01-02:youtube","2026-07-25T23:42:57+09:00","https://youtube.com/shorts/71B_q_nQTJg","30","","","","","","","28","0.601","","","","0","0","0","0","0","0","public Short verified; copyright check clear; AI use disclosed; [24h-resolved] owner YouTube Studio checked 2026-07-26T23:45+09:00: views=30; three_second_views, completion_rate, saves, shares, meaningful_comments and profile_visits unavailable in the verified overview and preserved blank; [72h-resolved] owner YouTube Studio checked 2026-07-30T17:24+09:00: views=28, average percentage viewed=60.1%, likes=0, comments=0; saves, shares and profile_visits unavailable"
"ABI-LW01-03:instagram","ABI-LW01-03","instagram","PUBLISHED","APPROVE_EXTERNAL_POST:ABI-LW01-03:instagram","2026-07-26T07:31:00+09:00","https://www.instagram.com/p/DbO5HqDE56W/","","","","","","0","","","","","","","0","0","0","0","0","0","4:5 image, canonical caption and manifest alt text verified live; [24h-resolved] [72h-resolved] owner post checked 2026-07-30T17:20+09:00: no comments; insight route returned page unavailable, so unavailable metrics remain blank"
"ABI-LW01-03:threads","ABI-LW01-03","threads","PUBLISHED","APPROVE_EXTERNAL_POST:ABI-LW01-03:threads","2026-07-26T07:31:00+09:00","https://www.threads.com/@abi_hakusyaku/post/DbO46aaEusS","","","","","","0","","","","","","","0","0","0","0","0","0","canonical text verified live; [24h-resolved] [72h-resolved] owner thread checked 2026-07-30T17:22+09:00: no replies; views and other metrics unavailable and preserved blank"
"ABI-LW01-04:instagram","ABI-LW01-04","instagram","PUBLISHED","APPROVE_EXTERNAL_POST:ABI-LW01-04:instagram","2026-07-31T19:32:14+09:00","https://www.instagram.com/abi_hakusyaku/reel/DbdCnQBNKh5/","","","","","","0","","","","","","","0","0","0","0","0","0","audio repair PASS 2026-07-30: owner WAV added; canonical MP4 sha256=b799c00e7ed9e109e02c3f9e90d5afac7cc30199d720034926298fc9512b7319; public Reel, canonical caption, alt text and original audio verified by 2026-07-31T19:32:14+09:00; Instagram Web exposed no AI disclosure control, recorded as unavailable rather than inferred; [24h-resolved] logged-in owner post checked 2026-08-02T07:58+09:00: no comments; views, three_second_views, completion_rate, saves, shares and profile_visits unavailable and preserved blank; [72h-resolved] logged-in owner post and signed-out public post checked 2026-08-03T22:10+09:00: 6 likes and no comments observed outside the 72h ledger metric schema; views, completion_rate, saves, shares and profile_visits unavailable and preserved blank"
"ABI-LW01-04:tiktok","ABI-LW01-04","tiktok","PUBLISHED","APPROVE_EXTERNAL_POST:ABI-LW01-04:tiktok","2026-07-31T19:32:14+09:00","https://www.tiktok.com/@countabi/video/7668637213990587662","0","","","0","0","0","","117","0.0","","","","0","0","0","0","0","0","audio repair PASS 2026-07-30: owner WAV added; canonical MP4 sha256=b799c00e7ed9e109e02c3f9e90d5afac7cc30199d720034926298fc9512b7319; upload accepted and URL generated by 2026-07-31T19:32:14+09:00; AI-generated label enabled; TikTok Studio status CONTENT_REVIEW_PENDING and temporarily displayed self-only during review; signed-out page exposed canonical title/description metadata but body required CAPTCHA, which was not solved; do not treat as reach until public visibility is rechecked; [24h-resolved] logged-in owner public profile/post checked 2026-08-02T07:58+09:00: views=0, saves=0, shares=0 and no comments; three_second_views, completion_rate and profile_visits unavailable and preserved blank; [72h-resolved] logged-in TikTok Studio checked 2026-08-03T22:10+09:00: views=117 and full-video watch rate=0%; average watch time=1.1s and total play time=0h:02m:19s observed outside the ledger schema; saves, shares and profile_visits unavailable and preserved blank"
"ABI-LW01-04:youtube","ABI-LW01-04","youtube","PUBLISHED","APPROVE_EXTERNAL_POST:ABI-LW01-04:youtube","2026-07-31T19:32:14+09:00","https://youtube.com/shorts/TzbHCtd10Xw","","","","","","0","","2","","","","","0","0","0","0","0","0","audio repair PASS 2026-07-30: owner WAV added; canonical MP4 sha256=b799c00e7ed9e109e02c3f9e90d5afac7cc30199d720034926298fc9512b7319; public Short and canonical title verified by 2026-07-31T19:32:14+09:00; AI use disclosed; copyright check complete with no issues detected; [24h-resolved] logged-in YouTube Studio checked 2026-08-02T07:58+09:00: historical observation recorded views=96 and engaged views=13 but is invalidated as a durable metric by the later same-video since-publish view total of 2; views_24h cleared to blank rather than preserving a non-monotonic attribution; no comments; three_second_views, completion_rate, saves, shares and profile_visits unavailable and preserved blank; [72h-resolved] logged-in YouTube Studio checked 2026-08-03T22:10+09:00 on video TzbHCtd10Xw: since-publish views=2 and engaged views=2; average view duration=0:18 observed outside the ledger schema; audience retention unavailable due insufficient data; viewed-vs-swiped 12.7% was not mapped to completion_rate; saves, shares and profile_visits unavailable and preserved blank"
"ABI-LW01-05:instagram","ABI-LW01-05","instagram","PUBLISHED","APPROVE_EXTERNAL_POST:ABI-LW01-05:instagram","2026-08-02T12:21:28+09:00","https://www.instagram.com/abi_hakusyaku/p/Dbhb8VID-5g/","","","","","","0","","","","","","","","","","","","","4:5 image; canonical caption and manifest alt text verified publicly signed-out by 2026-08-02T12:21:28+09:00; Instagram Web exposed no AI disclosure control, recorded as unavailable rather than inferred; [24h-resolved] owner post checked 2026-08-03T12:49:04+09:00: no comments; post showed 1 like, but Instagram insight route returned page unavailable, so views, three_second_views, completion_rate, saves, shares and profile_visits remain blank; [72h-resolved] public post checked 2026-08-05T22:45:46+09:00: no comments; owner insights were unavailable, so all 72h metric fields remain blank"
"ABI-LW01-05:threads","ABI-LW01-05","threads","PUBLISHED","APPROVE_EXTERNAL_POST:ABI-LW01-05:threads","2026-08-02T12:23:21+09:00","https://www.threads.com/@abi_hakusyaku/post/DbhcKYKAfX7","250","","","","","0","","250","","","","","","","","","","","canonical text and public visibility verified signed-out by 2026-08-02T12:23:21+09:00; AI disclosure not applicable to text-only placement; [24h-resolved] owner post insights checked 2026-08-03T12:49:04+09:00: views=250, total interactions=1, likes=1, quotes=0, replies=0, reposts=0, follows=0; only contract views and meaningful_comments=0 recorded; three_second_views, completion_rate, saves, shares and profile_visits remain blank because unavailable or not equivalent; [72h-resolved] public post checked 2026-08-05T22:45:46+09:00: views=250, likes=1 and no visible replies; only contract views recorded, other 72h metric fields remain blank"
"ABI-LW01-06:instagram","ABI-LW01-06","instagram","PUBLISHED","APPROVE_EXTERNAL_POST:ABI-LW01-06:instagram","2026-08-01T20:37:26+09:00","https://www.instagram.com/abi_hakusyaku/reel/DbfvzQLhkd7/","","","","","","0","","","","","","","","","","","","","audio repair PASS 2026-07-30: owner WAV added; canonical MP4 sha256=1218b646eee1e53a5b27c3eceb59323cdb0774b2f908d274771bba918e799ff7; public Reel, canonical caption, manifest alt text and original audio verified by 2026-08-01T20:37:26+09:00; Instagram Web exposed no AI disclosure control, recorded as unavailable rather than inferred; [24h-resolved] logged-in owner post checked 2026-08-03T00:08+09:00: no comments; views, three_second_views, completion_rate, saves, shares and profile_visits unavailable in the verified surface and preserved blank; [72h-resolved] logged-in owner post and public Reel checked 2026-08-04T23:56+09:00: no comments; views, completion_rate, saves, shares and profile_visits unavailable in verified surfaces and preserved blank"
"ABI-LW01-06:tiktok","ABI-LW01-06","tiktok","PUBLISHED","APPROVE_EXTERNAL_POST:ABI-LW01-06:tiktok","2026-08-01T20:39:53+09:00","https://www.tiktok.com/@countabi/video/7669026152693976334","229","","0.021","0","0","0","","229","0.021","0","0","","","","","","","","audio repair PASS 2026-07-30: owner WAV added; canonical MP4 sha256=1218b646eee1e53a5b27c3eceb59323cdb0774b2f908d274771bba918e799ff7; upload accepted and URL generated by 2026-08-01T20:39:53+09:00; AI-generated label enabled; copyright check found no issues; TikTok content review complete and visibility confirmed as Everyone by 2026-08-01T20:45:52+09:00; [24h-resolved] logged-in TikTok Studio and public post checked 2026-08-03T00:08+09:00: views=229, full-video watch rate=2.1% (stored as completion_rate=0.021), saves=0, shares=0 and comments=0; three_second_views and profile_visits unavailable and preserved blank; [72h-resolved] logged-in TikTok Studio checked 2026-08-04T23:56+09:00: views=229, full-video watch rate=2.1% (stored as completion_rate=0.021), saves=0, shares=0 and comments=0; profile_visits unavailable and preserved blank"
"ABI-LW01-06:youtube","ABI-LW01-06","youtube","PUBLISHED","APPROVE_EXTERNAL_POST:ABI-LW01-06:youtube","2026-08-01T20:43:09+09:00","https://youtube.com/shorts/jYNoFK3Zt5I","153","","","","","0","","153","","","","","","","","","","","audio repair PASS 2026-07-30: owner WAV added; canonical MP4 sha256=1218b646eee1e53a5b27c3eceb59323cdb0774b2f908d274771bba918e799ff7; public Short and canonical title verified by 2026-08-01T20:43:09+09:00; AI use disclosed; copyright check complete with no issues detected; [24h-resolved] logged-in YouTube Studio checked 2026-08-03T00:08+09:00: views=153 and no comments; engaged views=12 observed but not mapped to three_second_views; audience retention was not ready and average view duration was not converted to completion_rate; three_second_views, completion_rate, saves, shares and profile_visits preserved blank; [72h-resolved] logged-in YouTube Studio and public Short checked 2026-08-04T23:56+09:00: views=153 and comments=0; viewing-continuation 6.4% and average view duration were not mapped to completion_rate; completion_rate, saves, shares and profile_visits unavailable and preserved blank"
"ABI-LW01-07:instagram","ABI-LW01-07","instagram","PUBLISHED","APPROVE_EXTERNAL_POST:ABI-LW01-07:instagram","2026-08-02T12:24:42+09:00","https://www.instagram.com/abi_hakusyaku/p/DbhcUBjD7Z9/","","","","","","0","","","","","","","","","","","","","4:5 image; canonical caption and manifest alt text verified publicly signed-out by 2026-08-02T12:24:42+09:00; Instagram Web exposed no AI disclosure control, recorded as unavailable rather than inferred; [24h-resolved] owner post checked 2026-08-03T12:49:04+09:00: no comments; post showed 1 like, but Instagram insight route returned page unavailable, so views, three_second_views, completion_rate, saves, shares and profile_visits remain blank; [72h-resolved] public post checked 2026-08-05T22:45:46+09:00: no comments; owner insights were unavailable, so all 72h metric fields remain blank"
"ABI-LW01-07:threads","ABI-LW01-07","threads","PUBLISHED","APPROVE_EXTERNAL_POST:ABI-LW01-07:threads","2026-08-02T12:25:34+09:00","https://www.threads.com/@abi_hakusyaku/post/DbhcajnAWUq","51","","","","","0","","51","","","","","","","","","","","canonical text and public visibility verified signed-out by 2026-08-02T12:25:34+09:00; AI disclosure not applicable to text-only placement; [24h-resolved] owner post checked 2026-08-03T12:49:04+09:00: views=51, likes=0 and no replies; three_second_views, completion_rate, saves, shares and profile_visits remain blank because unavailable; [72h-resolved] public post checked 2026-08-05T22:45:46+09:00: views=51, likes=0 and no visible replies; only contract views recorded, other 72h metric fields remain blank"
"ABI-LW01-08:instagram","ABI-LW01-08","instagram","PUBLISHED","APPROVE_EXTERNAL_POST:ABI-LW01-08:instagram","2026-08-03T12:38:53+09:00","https://www.instagram.com/abi_hakusyaku/reel/DbkCiFUxWWB/","","","","","","0","","","","","","","","","","","","","audio repair PASS 2026-07-30: BALIAN track 01 ATAPA owner WAV added; canonical MP4 sha256=2fe3916c6512a0dc4650b250887f468bc420da793c7c107994f540c08e99839b; public Reel, canonical caption, manifest alt text and ATAPA audio verified signed-out by 2026-08-03T12:38:53+09:00; Instagram Web exposed no AI disclosure control, recorded as unavailable rather than inferred; [24h-resolved] signed-out public post checked 2026-08-04T15:53+09:00: comments were explicitly shown as absent, so meaningful_comments=0; views, three_second_views, completion_rate, saves, shares and profile_visits were not exposed and remain blank; [72h-resolved] logged-in owner/public Instagram post checked 2026-08-06T23:56+09:00: comments explicitly absent; views, completion_rate, saves, shares and profile_visits were not exposed and remain blank"
"ABI-LW01-08:tiktok","ABI-LW01-08","tiktok","PUBLISHED","APPROVE_EXTERNAL_POST:ABI-LW01-08:tiktok","2026-08-03T12:41:50+09:00","https://www.tiktok.com/@countabi/video/7669645373119515917","","","","0","0","0","","111","0","0","0","","","","","","","","audio repair PASS 2026-07-30: BALIAN track 01 ATAPA owner WAV added; canonical MP4 sha256=2fe3916c6512a0dc4650b250887f468bc420da793c7c107994f540c08e99839b; public TikTok visibility Anyone and canonical caption verified by 2026-08-03T12:46:56+09:00; AI-generated label publicly visible; copyright check found no issues; signed-out page loaded the post before TikTok presented a CAPTCHA, which was not solved; [24h-resolved] signed-out public post checked 2026-08-04T15:53+09:00 before the CAPTCHA was left untouched: favorites/saves=0, shares=0 and comments=0; views, three_second_views, completion_rate and profile_visits were not exposed and remain blank; [72h-resolved] TikTok Studio/public post checked 2026-08-06T23:56+09:00: views=111, completion_rate=0 from explicit full-video watch rate 0%, saves=0, shares=0 and comments=0; profile_visits was not exposed per placement and remains blank"
"ABI-LW01-08:youtube","ABI-LW01-08","youtube","PUBLISHED","APPROVE_EXTERNAL_POST:ABI-LW01-08:youtube","2026-08-03T12:46:20+09:00","https://youtube.com/shorts/soWW85wPUfE","77","","","","","0","","72","","","","","","","","","","","audio repair PASS 2026-07-30: BALIAN track 01 ATAPA owner WAV added; canonical MP4 sha256=2fe3916c6512a0dc4650b250887f468bc420da793c7c107994f540c08e99839b; public Short with canonical title verified signed-out by 2026-08-03T12:46:20+09:00; YouTube AI disclosure visible; copyright check completed with no issues; exact UTM retained in description, but external-link clickability was not unlocked because one-time verification was not performed; [24h-resolved] signed-out public Short checked 2026-08-04T15:53+09:00: views=77 and comments=0; three_second_views, completion_rate, saves, shares and profile_visits were not exposed and remain blank; [72h-resolved] YouTube Studio/public Short checked 2026-08-06T23:56+09:00: views=72 and comments=0; completion_rate, saves, shares and profile_visits were not exposed and remain blank; the current Studio total is lower than the prior public 24h display, so both period observations are preserved without adjustment"
"ABI-LW01-09:instagram","ABI-LW01-09","instagram","PUBLISHED","APPROVE_EXTERNAL_POST:ABI-LW01-09:instagram","2026-08-04T12:22:20+09:00","https://www.instagram.com/abi_hakusyaku/p/Dbmlon0j4GY/","","","","","","0","","","","","","","","","","","","","4:5 image; canonical caption and manifest alt text verified publicly signed-out by 2026-08-04T12:22:20+09:00; Instagram Web exposed no AI disclosure control, recorded as unavailable rather than inferred; [24h-resolved] public post checked 2026-08-05T22:45:46+09:00: no comments; owner insights were unavailable, so views, three_second_views, completion_rate, saves, shares and profile_visits remain blank"
"ABI-LW01-09:threads","ABI-LW01-09","threads","PUBLISHED","APPROVE_EXTERNAL_POST:ABI-LW01-09:threads","2026-08-04T12:24:24+09:00","https://www.threads.com/@abi_hakusyaku/post/Dbml3yYAZXd","3","","","","","0","","","","","","","","","","","","","canonical text, exact tracked Chat URL and public visibility verified signed-out by 2026-08-04T12:24:24+09:00; AI disclosure not applicable to text-only placement; [24h-resolved] public post checked 2026-08-05T22:45:46+09:00: views=3 and no visible replies; only contract views and meaningful_comments=0 recorded; three_second_views, completion_rate, saves, shares and profile_visits remain blank because unavailable"
